generation,source,validation_accuracy,training_time,time_score,composite_fitness,pareto_rank,crowding_distance,model_label,C,penalty,max_iter,class_weight,tol
8,offspring,0.8852459016393442,0.010453999999981534,0.5040773438190395,0.8166355612316893,0,inf,Logistic Regression,0.017891607726603465,l2,400,,0.0013267688966479623
1,initial,0.8360655737704918,0.010247999999819513,0.5090519739988179,0.7772031258115905,0,inf,Logistic Regression,4.264383186357291,l2,350,,0.0012362436879527078
